text,source,reddit_id
How often does your entire ARAM team get an S+?. [removed],arctic_post,1ua5vgm
"Would Rite of Ruin on Yunara be good?. Im currently bugged by the lack of any AP in yunara builds and was trolled by the fact that rite of ruin still apears in clients arsenals as a summoners rift available item. So I was wondering. Would it be good on her? I know she doesnt cast that many spells I think, but I guess 45% crit rate + ap sounds kinda awesome.",arctic_post,1ua5iyp
"What is the MOST LP you've lost in a game? For me its b4 0lp to i1 50lp a total of 50lp LOST!. I've lost like 20-28 per game and win like 16-19 or so a game, but 50 is unreal unless there like something else going in the background, I'm not aware of?! https://preview.redd.it/u29vqnogf98h1.png?width=1032&format=png&auto=webp&s=3a0dab4e553e2453b72918215cb8c09082af31eb",arctic_post,1ua5g1s
Streamer Velja Drops Derogatory Slur. [https://www.twitch.tv/velja\_lol/clip/LuckySassyChamoisPMSTwin--HvcWILAFgqHdmMI](https://www.twitch.tv/velja_lol/clip/LuckySassyChamoisPMSTwin--HvcWILAFgqHdmMI),arctic_post,1ua5az7
Serbian Streamer Velja Drops Derogatory Slur. [https://www.twitch.tv/velja\_lol/clip/LuckySassyChamoisPMSTwin--HvcWILAFgqHdmMI](https://www.twitch.tv/velja_lol/clip/LuckySassyChamoisPMSTwin--HvcWILAFgqHdmMI),arctic_post,1ua58dh
"Shouldnt minions aggro Malphite here?. I was waiting for the enemy malphite to get minion aggro from attacking me under his turret so id finish him off with q e auto, but it never happened, minions kept attacking turret, did I do anything wrong here?",arctic_post,1ua4rtj
Where are the Nations cup playoffs going to be streamed?. I've been looking like crazy in the official competition site and I'd very much like to watch my national team and other games but I just can't seem to find where the games will be streamed if they're streamed at all. Anyone know anything? I'm mostly looking for the european games.,arctic_post,1ua4rq7
Malphite bots flooding iron ranked games?. [removed],arctic_post,1ua3zl5
[Item Concept] Galeforce Rework – Replacing the Dash with Stacking Movement Speed. [removed],arctic_post,1ua3y3s
Besoin d'une analyse pour cette action s il vous plait. [removed],arctic_post,1ua3tbb
"What about a grandma character, R?. [removed]",arctic_post,1ua3gyi
"What about a grand-ma character, R?. [removed]",arctic_post,1ua3eog
difficulty in finding the name of the email this account is linked to. [removed],arctic_post,1ua3d79
"What about a grand-ma character, R?. [removed]",arctic_post,1ua389e
How do you deal with Sivir/Karma as a Yunara. I recently got absoluetly stomped by a Sivir Karma lane and genuinly wanna know on how to deal with that lane. The Karma Ult Q is not dodgable in an open field so you have to stand behind minions. The question is more like how to deal with it when sivir has a BF where she can clear the wave in 3 seconds?,arctic_post,1ua31wr
My fanart of Aurora from LoL that went a bit viral on Twitter!. [removed],arctic_post,1ua2d35
"My fanart of Aurora from LoL that went a bit viral on Twitter, hope you guys like it!",arctic_post,1ua2avl
"MSI prep call - T1, HLE, BLG, TES, w/Aux and Emily Rand | JLXP ep: 132",arctic_post,1ua1r0l
"Is there a way to stop the launcher reopen after closing LoL?. Everytime i close LoL the launcher opens and if i close it instatly it reopens again. Is there a way how i can block it from reopening? I hate the ""new"" client so much its like it wants to annoy me!",arctic_post,1ua1fbb
"EKKO: Ekko needs Locke's E takedown reset. And give Q2 an activatable so we can call back the disk when we want instead of letting the enemy know exactly when to dodge it. Just imagine the possibilities, and it wouldn't be unbalanced, it's just skill expression.",arctic_post,1ua1awh
How to properly learn and master Olaf as a Bronze 4 player? Looking for a structured learning roadmap,arctic_post,1ua0ibg
"Former LCK Caster & Former Cloud9 Head Coach Nick ‘LS’ De Cesare has joined T1’s Riftbound TCG team!. 𝐖𝐄𝐋𝐂𝐎𝐌𝐄, ‘𝐋𝐒’ T1 Riftbound 팀에 ‘LS’ Nick De Cesare 선수가 합류하였습니다. TCG 플레이어로 T1과 함께 새로운 도전을 시작하는 ‘LS’ 선수를 따뜻하게 맞아 주세요! We are pleased to announce that ‘LS’ is joining T1's Riftbound team! Please give a warm welcome to 'LS' as he embarks on a new challenge with T1 as a TCG player! https://x.com/t1\_official\_gg/status/2067910269523910972?s=46",arctic_post,1ua0doy
Should i have flashed the Syndra Q? What should i have done to survive this.,arctic_post,1u9zwnt
Still one of the most insane piece I ever did!,arctic_post,1u9zjdt
What are league of legends redeem codes?. [removed],arctic_post,1u9z6o3
the new augments on aram mayhem are good sometimes. So uh getting a W reset whenever i use another ability on qiyana is quite a fun https://preview.redd.it/o9ijzzpi188h1.png?width=1231&format=png&auto=webp&s=5221e968b762492348de04b6dad8247d1f009032,arctic_post,1u9yzho
"kai'sa ADC or bard SUPP ?. hello everyone, I'm getting back into ranked and I'd like to focus on a single champion in a single role (OTP). I managed to climb to Gold playing a bit of everything, but now I want to commit to one champ, have some impact on my games, and carry. I love playing Kai'Sa ADC, but I also really enjoy Bard support. Which one would you recommend OTPing? Thanks!",arctic_post,1u9ywn8
"League and TFT separation. With the clients' departure, will League installation size get smaller? I feel like I download some assets I don't really use and at this point in my life storage is everything. Will there be a significant reduction? And also is there an update which ""cleans up old TFT stuff""?",arctic_post,1u9ywdz
Some new gen said Mobile legend is better than LOL. Is that true ?. I am not certain how this goes but I think MLBB is somehow good too but I have never play LOL yet hahahah,arctic_post,1u9yv16
"Hypothetical* if you were to pick a champ and once you move to lane, you are not allowed to move for the rest of the match, who would you play?. Rules: \-Movement abilitys are only allowed if you end up returning to the original location. &#x200B; \-Being yummi and attaching to a teamate doesnt count of ""not moving"" &#x200B; Once/if you die, you must go back to the starting position. &#x200B; You are not allowed to back for items unless you die. &#x200B; Rules will be revised as needed.",arctic_post,1u9yqbw
"Challenger with Gold map movement vs Gold with Challenger map movement. Who do you think would climb higher, a challenger player who moves where a gold player tells them to or a gold player who moves where a challenger player tells them to on the map?",arctic_post,1u9yg7a
"Is it even possible to make MOBA kids game skill based at all?. It's not, right? It's an embarrassment to the whole esport scene a button mashing brain-dead game existing, no?",arctic_post,1u9yg2s
"Olá, pessoal, estou começando a fazer live na roxinha, me da uma forcinha lá se possivel, sou iniciante e estou em busca do afiliado, não sei se estou postando na aba certa Procura la twitch.tv/renaogk. [removed]",arctic_post,1u9y1u4
"New to league. Is aatrox an “honorable” main for top lane?. Ive heard about some champs being… cheesy or unfun to be up against? Ambessa, teemo, is aatrox one of them?",arctic_post,1u9xvls
"How can I Improve my knowledge in mechanics, macro and more. [removed]",arctic_post,1u9xqo1
LCS Studio Audience. I'm traveling to LA in August and I'm only seeing tickets for opening weekend. I'm hearing rumors of no studio audience for any other week. Is this confirmed to not have an audience anymore? Feels crazy to have no fan engagement like that.,arctic_post,1u9xpos
Hextech ARAM — Volibear 1v5 pentakill. [removed],arctic_post,1u9xejw
Riot updated their reporting form and you can't report people at present.. [removed],arctic_post,1u9xcm4
Guys I unbound my alt key from the item shop price pls help. You know when you alt click an item in the shop and it says how much gold you need to afford the item? I unbound this key and now I absolutely cannot find where in the options to rebind this after going through every hotkey 3 times over... PLEASE HELP,arctic_post,1u9x7vg
"Why did i teleport glitch here as Neeko?. Can anyone tell me how and why i teleported glitched here as Neeko? I ult the yasuo, freeze for a sec then teleport to the left. I have never seen this before and i played Neeko since her release. So i doubt its a Neeko thing. IT could just be league being its broken self? It only happened once so idk wtf i did",arctic_post,1u9wk5v
ENC qualifiers today. Where to watch the esports World Cup qualifiers today? Are they even going to broadcast them all since they are so many at the same time?,arctic_post,1u9vsce
"LoL does not have skill based matchmaking, patents regarding Engagement Optimized Matchmaking (EOMM) revealed!. [removed]",arctic_post,1u9uyig
"LoL does not have skill based matchmaking, patents regarding Engagement Optimized Matchmaking (EOMM) revealed!. [removed]",arctic_post,1u9ux8m
"Locke on-hit build W + on-hit passive focus vs master yi ult. This build focuses on locke's on hit passive scaling with his ap, i thought this would be a cool build.I Dont know if i chose the best items youll have to tell me.",arctic_post,1u9u1ik
"How does draft sbmm work. Im asking bc I just played a game where my toplaner is so new he can’t even tell even queued ranked, his laner is over level 400 and was emerald last season on toplane I hears there’s “sbmm” but how the fuck is this matchup skill based",arctic_post,1u9tmr9
An unreasonable number of good games have been unjustly lost due to the egoistical reluctance to play tanks,arctic_post,1u9td72
I never report for cheating but this midlaner felt off. Vindication. [removed],arctic_post,1u9sdh7
"Fighter Jet Hecarim no CDs on Q with dash - ARAM Mayhem. Blessed by Riot with these arguments to make it happen. Quickstep (Q), Outlaw's Grit, Ethereal Weapon, and Mystic Punch",arctic_post,1u9s8f7
Your game rquires a system restart to play.. [removed],arctic_post,1u9rr9j
Dr Mundo Boss merece uma variante?. [removed],arctic_post,1u9ppxg
"Sacrifice is the best Worlds song. I've been listening nonstop to LoL songs this morning and I read the comments under Sacrifice MV that it is underwhelming compared to the previous Worlds songs. I also thought the same when I first heard and watch the MV. But when I heard the live version during the opening ceremony last year, my view changed and I started to love it. I don't know if it's because of the Anyma remix or G.E.M's beautiful voice. Now, I feel like I've transcended everytime I hear it.",arctic_post,1u9ppjm
Worst banning game of all time. Just took a 10 min for being 10 sec around my pc are they actually out of their mind???? Are they legit okay in their head? Fuck thèse asshole that are solding us a 800$ skin,arctic_post,1u9piz9
Vocês acham que Dr mundo merece uma variante mítica de skin?. [removed],arctic_post,1u9pic9
Dr mundo Boss merece uma skin variante mítica?. [removed],arctic_post,1u9pfvt
So sick of matchmaking diff. Anybody else often get matched with low level players while the enemy team is the second coming of T1? Honestly tired of having 3 level 20-40 players with 0 mastery on their champs and their entire enemy team is level 250+ and 30+ mastery. Just makes the game lost before it even started.,arctic_post,1u9parv
Dr Mundo Boss merece uma Skin Variante mítica?,arctic_post,1u9paja
Dr mundo Boss merece uma variante mitica?,arctic_post,1u9p7sg
Question for people who daily drive Linux. What are y'all doing re: daily driving but needing Windows for LoL? Are you dual booting? Other things? LoL is one of the few things I see making me force myself dual booting but not sure what is possible.,arctic_post,1u9p7fp
Qual seria a variante de skin mítica melhor do jogo Dr mundo Boss ou Nasus infernal?. [View Poll](https://www.reddit.com/poll/1u9p4z7),arctic_post,1u9p4z7
Support players have access to some of the most impactful champions in the game yet will still Velkoz and Lux. Any mage support players wanna chime in on this one? I'll give Brand players a pass because of how insane he is in teamfights though Thoughts?,arctic_post,1u9p13b
Você compraria a skin variante mítica do Dr mundo Boss ou do Nasus infernal? Cada uma $100,arctic_post,1u9p044
"Do you know where to watch enc elimination match?. Since I cannot find it anywhere, can you tell me where to watch it on live? Is it on YouTube or twitch?",arctic_post,1u9oyts
"Perfectly Balanced Hecarim - Sincerely, Riot (Mayhem)",arctic_post,1u9oj1y
"Banned for picking Irelia support. I played this a few times before, worked each time. Very good engage, huge dmg and really good ult for a support. I got banned for 3 days before we even got queued. Riot games just cant make a good game I guess",arctic_post,1u9o4lp
Help ya boy grow in the league community. [removed],arctic_post,1u9nuc7
🌙 LUNAR ESPORTS ABRE TRYOUTS FEMENINOS 🌙. [removed],arctic_post,1u9no4i
At this point I wouldn't be surprised if he stays. The time to ditch him was when Honda initially lodged its complaint. The fact that he wasn't immediately out on his ear and Honda have now walked suggests that Liquid were reluctant to release him and may now have the opinion that they may as well keep him.,pullpush_comment,mt46cc3
"This is false information. Faker has solo killed Chovy technically, it was in 2023, Faker Ahri vs Chovy Gragas. Faker diver Chovy under tower killed him solo and then died to tower, so they went 1 for 1.",pullpush_comment,mt46bk5
Leave is legitimately a disgusting player Jiejie was right,pullpush_comment,mt46b0j
The game mode just kinda sucks to me. It’s worse ARAM mixed with worse nexus blitz,pullpush_comment,mt46ayl
"Hmm, so its a matchmaking feature which makes people play the game because noone wants to be in que for 5 hours? So its in some way... something riot optimized in a way.. to hmm increase the amount of time people are willing to spend playing league of legends? Maybe we could name it something... how does.. dont judge it too quickly im just coming up with this now. Engagement optimized matchmaking with fair matchmaking mostly in mind?",pullpush_comment,mt46a8z
"I would recommend instead of role, focus on finding a champion that suits you. One you feel comfortable playing, and which suits your playstyle. Then simply choose the roles in which the champion can be played.",pullpush_comment,mt469ju
"oof that apology sucks, no wonder honda dropped out, he probably just wanted to wait this out to blow over",pullpush_comment,mt469em
intent or not he did something which is extremely insentive to japan as a nation its like if a japanese player used a gif of the two buildings going down towards an american team while having an american sponsorship. you could of not meant it that way but what you did was not think twin about it. even then in this case that gif only comes with Hiroshima being typed not imploding or explosion so it was very purposeful.,pullpush_comment,mt4671i
man peyz and missing on game 2 just don't want to give nip a chance and whats up with tons of penta this year,pullpush_comment,mt466v4
"You need that regardless since statistics as in math are often misleading at first glance. U.gg makes you guess about the data a lot of the times, since all it does is shows you the highest winrate choices. Having to guess and having to use critical thinking skills are not the same. Lolalytics gives you all the relevant info you might need.",pullpush_comment,mt464zq
Idk... he sounds kinda presidential to me,pullpush_comment,mt464k1
He lacks mobility- but he makes up for it by restricting yours (his ghoul wall). I’ve played him several times and he’s a champion you play when you want to disguise or mitigate common mistakes that you make in lane- he’s more forgiving with common player mistakes which is part of his allure I suppose,pullpush_comment,mt462zx
"Lol columbine doesn't even come close to Hiroshima, pearl harbor would be the closest thing or 9/11 but neither of those still really compare to the level of Hiroshima. How that tweet ever made it out is absolutely beyond me.",pullpush_comment,mt4622w
you can't help wave management in low elo. it will 99% of the time translate wrong and end up with the guy inting,pullpush_comment,mt461vt
"No, they are 2 different gifs. I have seen both on twitter and the are not the same. That is my point",pullpush_comment,mt4600q
"Their Dell Omniplex Esports gaming pc can't handle it, so no one should have it",pullpush_comment,mt45vq8
Nobody that makes a post like this is hiding from a girlfriend,pullpush_comment,mt45ur3
"Thats what happens when you have to mute all or else you risk getting banned because some snowflake was offended by literally anything. Expressing your frustration is labeled as toxic and gets you banned, meanwhile the real toxic people are the ones who will use anything as an excuse to report you",pullpush_comment,mt45tqv
"I think top, mid and adc are all great for learning the game. Jungle is just too overwhelming for beginners, and its very different and unique to all other roles anyway. Support is technically ok, but I think you can pick up some bad habits if its your starting role.",pullpush_comment,mt45smr
"This player is dumb as hell, 10 million dollar joke",pullpush_comment,mt45rnu
??? Do you understand how gif works? Both the mushroom cloud and city bombing is in the gif.,pullpush_comment,mt45rh0
whose fault was the worlds series vs. t1 last year when he had kiin and canyon? genuine question,pullpush_comment,mt45omh
It's not a proof of EOMM existence it's a feature to prevent matchmaking to go on eternally. Like you're legitimately clueless.,pullpush_comment,mt45opq
The esport already declining at losing more money and they just lose the biggest sponsorship they have? o7 Team Liquid.,pullpush_comment,mt45ntf
"They literally have no idea what the term ""bloatware"" is lol. Something you willingly download that might be a bit more resource heavy when you use it then you anticipated doesn't make it bloatware lmao",pullpush_comment,mt45mz0
sponsorship was probably coming to an end soon anyways but buddy still dumb as bricks,pullpush_comment,mt45m08
I have 62% wr https://op.gg/lol/summoners/euw/doreori-yay ignore the 2 last games I was tilted we had a 25% wr jungler against a 84% wr heca,pullpush_comment,mt45l67
"I got muted and punished for saying ""I can't get this fat ass off me"" to my team while getting stomped by gragas. I don't type any more",pullpush_comment,mt45k07
Its not a gotcha lmao. Its literal proof of eomms existence,pullpush_comment,mt45j37
"That Dark Star Thresh game mode, that shit was great",pullpush_comment,mt45imv
"You have good KDA, I'm going to guess you were big on objectives/splitpush and still joined important teamfights. The damage output is often not a good metric of how well you're doing. Also they might have enjoyed the fact you didn't actually troll with Trundle AP.",pullpush_comment,mt45ign
"So? Having a big sponsor like Honda for a couple of years is still a big deal. Even if it’s inevitable, this financial loss DURING a recession is a lot worse than “drawn out and gentle…”",pullpush_comment,mt45g35
"Dubs all around for Honda. They get out of a bad deal that is without a doubt wasting money, and they get the good PR of having an extreme reaction to the situation.",pullpush_comment,mt45g2n
"I recommend starting with the support role. I think it’s the easiest lane to learn the game from. You can play alongside your team and learn the basics without needing strong mechanics or macro knowledge right away. Once you’ve gotten used to the game, it’s not too late to switch to another lane. Just keep in mind that you’ll have to deal with the occasional toxic ADC.",pullpush_comment,mt45d00
"Social aspect moved on Discord groups, try there.",pullpush_comment,mt45cwn
"Objectively speaking, the game is a lot better nowadays compared from 10 years ago. But man --- gone are the days were league was fun and enjoyable to play",pullpush_comment,mt4568g
Lol thinking esc money comes even a fraction of Honda might be next level stupidity. Let alone other consequences,pullpush_comment,mt455al
The game is moderated by an AI. If you don't say anything bad it won't mute you.,pullpush_comment,mt453kn
"Lack of culture knowledge. I'm guessing Team Liquid talks with the North American Honda team more and didn't realize how disrespectful using an image from Hiroshima would be in that context. We talk about dropping bombs on people in just general conversation in the US every day, it's often a sports analogy.",pullpush_comment,mt4533n
nah even if you play fucking enchanters you climb if you are better than your peers,pullpush_comment,mt451d6
First blood doesn't fo anything anymore though,pullpush_comment,mt44y4s
Not using overlays is actually a HUGE advantage to the diligent player. No overlay only puts you behind if you don't want to improve.,pullpush_comment,mt44wrq
"Maybe a sliiiight overreaction from Honda, but jesus is that a gigantic fuckup. That's not even cooked anymore, that's well done.",pullpush_comment,mt44w44
"that's definetly not the case if you are silver you are gonna go Up real fast, if you are bronze not so much, just like if your rank IS emeralda but you play like a día 4 It Will take a while it's the same thing just Focus on her learnibg if she wants to climb, like you can reach her literally anything and she climbs out",pullpush_comment,mt44rz0
I’d be shocked if he isn’t gone after this. Guy just cost the entire org significantly more money than he would ever be able to bring in.,pullpush_comment,mt44rwi
"That's your gotcha? You think at extreme tiers like GM/Challengers you get enough people at all hours of the day to create full GM/Challengers lobby at all time. A challengers popping up in a master game isn't a proof that the system is rigged, it's just a limitation that is impossible to avoid unless league as an actually infinite playerbase.",pullpush_comment,mt44q72
"Ohh, another connoisseur from beta times. I found nothing that scratch the itch like league and i'm enjoing it a lot still. It's like a chess alternative, keeps brain fresh.",pullpush_comment,mt44pv2
I remember being so disappointed when I found out Swarm wasn't like Odyssey 😭,pullpush_comment,mt44pl9
"Also feel free to read section, 3, 6, 7 and 20 in the patent and tell me how theres no mention of consideration of matchmaking outside of player skill. You also have patent B from activison, however at the end of the day. Theres an overwhelming amount of support and logic for riot using a hybrid version of SBMM and EOMM. And I really fail to see how anyone thinking about this critically could come to any other conclusion. Even every single LM can conclude this without any pre biased input.",pullpush_comment,mt44ofe
I think that is TL response after Honda left,pullpush_comment,mt44o9o
yeah it's kinda like people waiting for a reason to break up or smth lol,pullpush_comment,mt44mqo
I did say it's reasonable that if everything was banned I do think build/rune helper is on the lower side of the scale I do think being knowledgeable about the game to optimize builds should be rewarded yet the presence of these tools may also relieve players off the burden of having to think of their builds in advance and ease newer players into the game (the in game recommendations aren't the most optimal after all),pullpush_comment,mt44mm9
What's your opgg then if this strategy is so good? Surely you have 70+%,pullpush_comment,mt44ma3
"The game is fun but I'm playing it way more casually then when I was in HS, playing and getting stressed for like 10 rankeds a day. If I wasn't stuck in emerald with toxic diamond Smurfs I would enjoy soloQ a bit more, but playing flex with friends off-role and random aram/brawl/arena it's very fun too",pullpush_comment,mt44inv
"bro, what the fuck you on about. If Lebron James send a gif of twin towers blowing up, you bet your ass he loses sponsorship. Jesus christ man",pullpush_comment,mt44iki
"Why are overlay posts still popping up? They already got rid of ult trackers/timers, what more do ppl want removed?",pullpush_comment,mt44gly
"i'm enjoying it. I keep the game fresh by maining different champs every year or so. Gone from Samira to Jhin, Sylas, Ryze and now GP",pullpush_comment,mt44fgp
"I also recommend picking 1-2 easy champs per role, if you find some that feel intuitive, it's even better. ARAM is great for looking for hampions that fit you.",pullpush_comment,mt44e5a
Honestly I think you're right. Damn what a colossal fuck up.,pullpush_comment,mt448lg
Woah bud those are very smart people you’re talking about,pullpush_comment,mt448h4
"Comment above. Deliberate change. You'll no longer hear announcements related to your own death. I kind of get it. Yes league, I'm aware I just died. I didn't need the announcement.",pullpush_comment,mt447fo
"To be fair, it was a pretty funny tweet. But the fact that he destroyed his career over this is even funnier. Guy wanted to make a joke so bad, he ended up becoming one.",pullpush_comment,mt446st
Imagine being a teammate of this guy and he just loses you a sponsors that in the name of your time in his first week That guy probably cost everyone else a lot money,pullpush_comment,mt445ib
NA is the easiest server I ever played in. Got to masters w 150 ping,pullpush_comment,mt43zns
Will he be subjected to any legal actions?,pullpush_comment,mt43yzu
"It being an overreaction completely depends on the reaction of Japanese fans. If enough of them are angry about this and want the sponsor dropped, then the choice becomes obvious.",pullpush_comment,mt43x9l
If you read the post you would know he posted a gif,pullpush_comment,mt43vw8
"Unfortunately, no It still means a lot to me, still watch some pro games, and I have a good time playing when friends ask. Don’t foresee myself ever playing much alone anymore, unfortunately. 34 now, too much else i could do that I find more joy in and/or is more productive.",pullpush_comment,mt43s9l
This isn't on the same level but it reminds me of everyone swearing losing FTX wasn't gonna do anything to TSM. A sudden loss of revenue when your main way of making money is by getting sponsors is gonna hurt no matter what.,pullpush_comment,mt43qw5
"Recession: “a significant decline in economic activity spread across the market, lasting more than a few months, normally visible in real GDP”",pullpush_comment,mt43pqj
"I want to precise that the effect of the ""/mute all"" movement isn't only felt in people actually muting all, but also encourage people from interacting in chat. I'm pretty certain a vast majority of players do not deafen at the beginning of the game but that is a very common advice I see peddled around that discourage people from interacting.",pullpush_comment,mt43pl9
As Team Liquid I am shocked that he wasn't immediately let go... Why would I piss off my most obvious brand partner for some player I have had for 1 week.,pullpush_comment,mt43mv3
Europeans 🤝 Brazilians Being edgy as fuck on the internet,pullpush_comment,mt43i9j
You can only find that gif when you search Hiroshima not imploding. Keep on being dumb,pullpush_comment,mt43hyb
It has nothing in common with Aram except there being one lane,pullpush_comment,mt43g7z
"Just out of curisity, did you read the entire patent? Noone in their right mind can ever believe league is pure SBMM. Because this is instantly verified by the fact you get instances of challenger players vs Master. The only thing to be discussed is its degree",pullpush_comment,mt43exc
"But the League team isn't succesful financially right? TL poured tens of millions into League and is never earning that back with the region averaging less than 70k viewers, many if whom are not even from the target region. Seems highly unrealistic to assume that the League division is an exception for budget cuts that the sponsorship loss will cause.",pullpush_comment,mt43e2q
"Ayyyyup. ""...and I understand that it may have caused discomfort to many people. From the bottom of my heart It was never my intention to make any offensive reference...."" Boilerplate ""Oh, i didn't mean to"" bs that is lodged in every single one of these ""apologies"". It baffles me that PR agencies haven't yet clued in that this is terrible.",pullpush_comment,mt43d2k
"Any role is good though you'll learn slightly different things in different roles, especially when it comes to learning to play against different champs! I'm a supp main but would probably recommend staying away from support/ADC if you're not looking to tilt constantly since bot lane relies heavily on how your random duo does LOL",pullpush_comment,mt439gl
"i loved nemesis draft. Picking for enemy teams is my thing! Plus it could be a hexakill nemesis draft, with black market brawlers items. A total fun shit :)",pullpush_comment,mt439gt
Half a year? She is 53%+ winrate for 2 years,pullpush_comment,mt439db
"Yea, I don't know what's going on, but now it's invincible for a few seconds for some reason.",pullpush_comment,mt438yf
I guess they went through with it despite the 4 months deduction. Guess it wasn't enough.,pullpush_comment,mt437yy
"If you think thats not a solokill then you are just as 'live in denial'. Also, even if i was a bot, showing an offical match in an official Riot tournament WHICH REALLY HAPPENED is more than enough to justify my point.",pullpush_comment,mt435ze
Ah yes a voiceover change is the exact same thing as completely changing the game,pullpush_comment,mt435vw
"yes, it's a fun mode, I just didn't really understand a buff with so few points left for both halves at the end of the game like that, it practically gave the victory to the enemy team",pullpush_comment,mt435we
"This guy is a R6 player But also, I think LoL players might the most paid in all of esport so it's a trade off I guess",pullpush_comment,mt434u7
"Server: NA Type of bug: Client-Challenges Description: Once hitting Mastery with champions they aren't checked off in the Virtuoso challenges meaning you can't get the title or the points for it. Expected Result: To have them checked off and get points/titles for getting them Mastery 5-10 Observed Result: You get the champion title for Mastery 10, but it isn't checked off in the Virtuoso challenges. Reproduction rate: Every champion that I have Mastered up from 5-10 this patch.",pullpush_comment,mt432vb
To ask as you may know - it seems there are 2 conflicting images being posted of the tweet One is a mushroom cloud explosion and one is a nuclear bomb falling on a city. Is one of these tweets fake? The jp responses are all posting the bomb falling onto a city but all the news ‘articles’ show just the explosion one. One seems a lot more malicious than the other,pullpush_comment,mt432qh
"I just wish wed finally get some defensive ap items again. Not just some slapped on health, truly ap bruiser items. Its insane to me that we only have one item each that give armor/mr and ap",pullpush_comment,mt4326s
"He didn't mean to insult. The nuke was followed by admitting defeat. It's not Dias and Team Liquid nuking CAG (The Japanese team). The implication is that Team Liquid and Dias got nuked. The atomic mistake was beint oblivious to the significance of the atomic bomb, in the context of a Japanese team or anyone from Japan. But being a young adult far removed (In both country and time), from that tragic incident, 80 years ago, I don't blame him.",pullpush_comment,mt43273
I would say this season is the season I enjoy the most since the last 6 years or so.,pullpush_comment,mt4308x
"Not a fact, Faker have indeed solo killed Chovy before as seen here: [https://www.youtube.com/live/J9ckJjCWMXs?si=69n6Bt5K\_IaymmDK&t=19362](https://www.youtube.com/live/J9ckJjCWMXs?si=69n6Bt5K_IaymmDK&t=19362)",pullpush_comment,mt42ypa
"""Good excuse to drop sponsorship"" Lack of empathy here is insane",pullpush_comment,mt42xy9
We will keep Jinx overpowered until Arcane is finished.,pullpush_comment,mt42xq3
Surely the player with 0 Worlds Finals appearances isn't the final boss,pullpush_comment,mt42xau
"Go on twitter click on gifs and type in ""bomb"", is the second result.",pullpush_comment,mt42vt4
"Finally, I will not be hearing Team Liquid HONDA every damn time!",pullpush_comment,mt42vnd
They should just add 100 health points to the team bar,pullpush_comment,mt42udu
Me when I fall for the most obvious excuse.,pullpush_comment,mt42ua8
If it was a non Japanophobic slur it might have been better.,pullpush_comment,mt42ts2
"This, absolutely, I think its when he maxes Q or something that their health or resistance goes up or maybe it has to do with level scaling. Maybe the best way to counter him is to just take characters with good wave clear or AOE that can clear them fast. What annoys me especially with them is that they trigger Conqueror meaning that one E with 4 or 3 ghouls is pretty much enough to get it max stacks.",pullpush_comment,mt42thv
[https://www.youtube.com/live/J9ckJjCWMXs?si=69n6Bt5K\_IaymmDK&t=19362](https://www.youtube.com/live/J9ckJjCWMXs?si=69n6Bt5K_IaymmDK&t=19362),pullpush_comment,mt42t5z
"Agreed. I feel like every game I type multiple times ""press b to heal"" because after a skirmish my team will stick around at 1/2 hp doing nothing waiting for the next fight. Even backing to heal and buy a ruby crystal could win us the next skirmish.",pullpush_comment,mt42rdl
"Meh I think it depends on the game, being a fighting game pro sounds chill as hell, even though they do work hard, etc. Being a league player sounds like it blows, there was a piece that the lpl put out where they asked the players how much time they get off and they said like 1-2 days a month.",pullpush_comment,mt42p62
It's very simple it's because you'd play the game less if they made that an option. How often do people have the client open but end up playing a game once a person messages them? Riot wants you to play more and the social component is a huge driver of people playing the game. It's not because they can't code the feature that's patently ridiculous.,pullpush_comment,mt42ox3
"now you will get your asshole gaped so big the entire planet will fit for the next 100 games and u will be flamed every single game ur mental fortitude will be forged in literal hell and its up to you what type of person will come out on the other side, will you learn and improve and rise to the challenge or will you be a defeated toxic hardstuck bronze bitch forever (im hardstuck bronze)",pullpush_comment,mt42n67
I love how there have literally been instances live on stream of people getting chat banned for typing the name of an item in the video game league of legends and you people will still say dOnT bE tOxIc keep sucking off your ccp company,pullpush_comment,mt42mz8
Or something like this is a big deal in Japan and they are doing damage control fast.,pullpush_comment,mt42kqp
"They should've kicked him from the get go instead of only posting a PR apology, that might've saved their sponsorship...",pullpush_comment,mt42kax
"Every human being personally likes something more than another thing, it’s not that crazy",pullpush_comment,mt42jq7
"I think it's related to team HP, how many points did each of you had left? In any case, don't overthink it, it's a for fun mode that can't be taken seriously",pullpush_comment,mt42j2a
"True, I think one of his flaws is that he doesn't have mobility but that is made up for by picking ghost. Summoners are kinda made to make up for flaws with the charachter but when there seems to be so few it seems kinda busted.",pullpush_comment,mt42im1
i really think people are looking back with rose colored glasses. i think people look back fondly on times they were younger rather than those times actually being significantly better,pullpush_comment,mt42gw9
I mean the format worked for DIG - they made top 6 after improving over the course of the year.,pullpush_comment,mt42gd5
completely avoidable by anyone with half a brain,pullpush_comment,mt42g18
Does it? If you're mage on 6 items you literally chose between one shotting someone and one shotting someone a bit harder lol.,pullpush_comment,mt42fnz
You mean a response like this? https://teamliquid.com/news/team-liquid-statement-on-recent-social-media-post-by-diaslucasbr,pullpush_comment,mt42efk
"It's fine until big sponsor money gets involved. If any Org has Japanese sponsors, would they want to touch this guy?",pullpush_comment,mt42e2h
"Not Deft, Deft was doing very good against UZI in 2015-2016 in China. He is legit the only one that have this in his pedigree",pullpush_comment,mt42cdh
"> It's so obvious to me that when you take away people's ability to vent, even imperfectly, they're just gonna find other, often worse, ways to express it. That's fine, let them afk/int. Ideally they'll get banned for it so I don't have to encounter them again. There shouldn't be a need to let players vent. If the video game makes you angry, find something else to do. You're the one with a problem.",pullpush_comment,mt42cd7
"Not only at a Japanese team, but your team's main sponsor is a Japanese company.",pullpush_comment,mt42ahr
This is even more tragic when you consider it’s from some Brazilian guy who just joined the org in one of their least relevant games.,pullpush_comment,mt428gz
"The best role is role you enjoy the most, which is usually tied to the type of champions you enjoy playing. If you want the role with the least stuff happening outside of laning, it will probably be top lane. Top is the lane with the least interaction (jungle is running everywhere, mid is in the center/crossroad of the map, bot is 2v2)",pullpush_comment,mt427mg
you can say that about every mode where 5 stack is possible,pullpush_comment,mt427eh
"Yeah true, i recently played Gwen against Mundo and it was so unfair He couldn't do anything",pullpush_comment,mt426e8
You play in Korean Emerald?! That's sounds terrifying,pullpush_comment,mt425nw
"I’ve always thought it was too little too late. I’ve had this happen before but it didn’t help us win. Sucks in your case though, that’s dumb",pullpush_comment,mt422xq
I'm gonna wait it out until it hits the Mythic Shop.,pullpush_comment,mt422s0
I don’t have fun when I lose 30 lp for no reason in plat 1 with normal mmr. Like my mmr was completely normal 3 months ago. And when I came back to the game it was fucked.,pullpush_comment,mt421f8
"TL are unprofessional morons for not firing the player for this. I get it, esports is stupid and not taken seriously by anyone, but stuff like this can't go basically unpunished. An apology isn't enough for this embarrassing bs, there needs to be actual punishments if not straight up firing, like benching or deducted salary.",pullpush_comment,mt421aa
"I quit brawl, they changed their balance approach to it so it now interferes with game sense. It was great fun before that though, and is still a great option if you don’t mind the game sense thing.",pullpush_comment,mt42011
I agree. Plus we are not talking about something as wide and modular as WoW addons. It's about some fixed QoL features that ALWAYS do good to the game and player experience.,pullpush_comment,mt41zcm
"I don't play league anymore, so they can do what they want :/",pullpush_comment,mt41yr2
It definitely looks deliberate but I'm sure he wasn't thinking about who sponsors the org and what the repercussions might be. At best it was his idea of a joke but it's a joke of poor taste especially for a player signed to a major esports team.,pullpush_comment,mt41v70
I was thinking the same thing to be honest. It is a stupid ass post though.,pullpush_comment,mt41q7f
GIVE AS AN AD ANTI-TANK ITEM PLEASE RIOT,pullpush_comment,mt41pbt
Some people don't know how good they have it. Literally the dream job for millions of young kids.,pullpush_comment,mt41n4u
"Yeah, I just play it to pass time you know. Challenge myself a bit, toxic players are okay to me hahaha their comments can be funny sometimes, i dont know maybe im just not competitive, thats why its fun for me",pullpush_comment,mt41mz7
My friend got the last kill with Redemption on Janna Absolute cinema.,pullpush_comment,mt41mux
Teamfights don't work without objectives,pullpush_comment,mt41mqm
Japan corps are the most likely to act based on principles and tradition. Even if they got x10 return they would likely get a good return if they went for another esport org after liquid. I also agree that everything has a price but I don't think that the opportunity cost for cancelling the sponsorship is particularly big for Honda even if it was a profitable sponsorship within reason.,pullpush_comment,mt41m97
"FUN FACT: Chovy is considered one of the best mid laner of all time, yet he has not been in a worlds final in all these years, when faker already won 3 in the first 4 years playing",pullpush_comment,mt41kiq
The absurd part is that Impact needs him in the country to play well. This guy had a decade long career without Spawn.,pullpush_comment,mt41k4y
"Built stuff isn't unfair imo, runes and items are both things riot already assists you with and what professor and other overlays provide is less than a good mobafire page on a second monitor",pullpush_comment,mt41jce
"I think mid is the best role to learn the game. With that said, mid is also an important role so there will be some growing pains as people blame you for not being born having expert knowledge. Honestly just mute chat and play any role and put the hours in, everything else will come to you over time.",pullpush_comment,mt41j6w
"Except it’s on average the best competition across the entire Esport. In fact I would argue that lck has a higher percentage of strong teams than worlds does, because they have na/eu/wildcard teams. So worlds means more because they have to beat up nobodies to get there?",pullpush_comment,mt41ifd
"Yeah... I guess there's the chance that it truly is just a very dumb mistake. The issue is that you can either see it as A) Absolutely disgusting behaviour or B) Dumb and tone-deaf mistake, there's no in between and no Japanese (or Japanese company) will see it as B).",pullpush_comment,mt41i3e
Check your DNS settings and set it to cloudfare or google dns. Remove background downloads and run hextech repair tool. Else you gotta contact your ISP to sort out packet loss,pullpush_comment,mt41gj6
"AP trundle, now that’s some troll king behavior 😂",pullpush_comment,mt41ghh
"Guess it depends how many jp customers they lose due to it. Its hard to gauge how big the story is on the japanese news site, but I guess the risk is that it becomes national news and a huge deal for the company - vs 1 sponsor that may provide (at best) say something like $10 million extra profit(which would be shockly high). The company doesnt really need that 10mill vs the 100s mill from japanese consumers",pullpush_comment,mt41g59
"brazillians like to joke a lot, about everything, im not defending him but if i had to guess he meant no ill at all. but posting something like that on twitter is next level stupid",pullpush_comment,mt41eyh
"How is he the bot in this case? This subreddit is cooked with ""humans"" like you faffing about",pullpush_comment,mt41end
Bro reading statistics is not the whole job... Understanding them and get them into context is what makes a statistic complete. League dota and other mobas are all loosing their playerbase. Just saying noone goes from league to dota bcs the dota playerbase is declining is so stupid honestly,pullpush_comment,mt41dm9
"There is a way to simply do it. Send me a dm and I’ll send it to you when I get home. Nothing needs to be downloaded or installed, and no game file needs to be touched.",pullpush_comment,mt41chr
"Fml i saw 2020 and was like ""oh yea, that wasnt too long ago, lets check it out"" and then the video is 5 years ago... What the fuck man",pullpush_comment,mt41c9m
What is your fps? I know there's a rubber banding bug above like 300 fps,pullpush_comment,mt41bzo
It’s the pic that really did it sadly. Imagine if this was against a Chinese team and he tweeted “gg” and added a pic something related to nanking.,pullpush_comment,mt41998
Its still fun but I exclusively play normal draft and play a very limited pool of champs that I enjoy regardless of win or loss. I would be having significantly less fun if I was playing ranked.,pullpush_comment,mt418fq
"I’ve played for over 16 years, I still have fun. I did have to change approach some to retain the fun. My main is gold, I troll around and have fun with friends. My highest alt account is emerald 1 now after decay, and I hit d3 after a few weeks of tryharding on said alt (would say Smurf if it wasn’t for how riot defines it)",pullpush_comment,mt416qd
Lmao this was just a pretext for the sponsor to gtfo,pullpush_comment,mt416mc
"I think it shows enemy buff timers, which could theoretically be timed by clicking on the enemy JG when he appears.",pullpush_comment,mt4162p
